/* SQL Manager Lite for MySQL                              5.6.4.50082 */
/* ------------------------------------------------------------------- */
/* Host     : localhost                                                */
/* Port     : 3306                                                     */
/* Database : jtextpricesbd                                            */


/*!40101 SET @OLD_CHARACTER_SET_CLIENT=@@CHARACTER_SET_CLIENT */;
/*!40101 SET @OLD_CHARACTER_SET_RESULTS=@@CHARACTER_SET_RESULTS */;
/*!40101 SET @OLD_COLLATION_CONNECTION=@@COLLATION_CONNECTION */;
/*!40101 SET NAMES 'latin1' */;

SET FOREIGN_KEY_CHECKS=0;

USE jtextpricesbd;

/* Data for the `rol` table  (LIMIT 0,500) */

INSERT INTO `rol` (IDRol, NombreRol) VALUES
  (1,'Administrador'),
  (2,'Consultor');
COMMIT;

/* Data for the `clasificaciontienda` table  (LIMIT 0,500) */

INSERT INTO `clasificaciontienda` (IDClasificacionTienda, NombreClasificacionTienda, Estatus) VALUES
  (1,'Matriz',1),
  (2,'Sucursal',1);
COMMIT;

/* Data for the `tienda` table  (LIMIT 0,500) */

INSERT INTO `tienda` (IDTienda, `Nombre Tienda`, clasificaciontienda_IDClasificacionTienda, Estatus) VALUES
  (1,'Centro',1,1),
  (2,'Chiconcuac',2,1),
  (3,'Moroleon',2,1),
  (4,'Zapotlanejo',2,1),
  (5,'Cruces',2,1);
COMMIT;

/* Data for the `usuario` table  (LIMIT 0,500) */

INSERT INTO `usuario` (IDUsuario, NickName, Password, Nombre, tienda_IDTienda, Estatus) VALUES
  (1,'Kike','kikoFiles','Enrique Fernandez',1,1),
  (2,'Zizu','poblano','Luis Antonio Puebla',1,1);
COMMIT;

/* Data for the `acceso` table  (LIMIT 0,500) */

INSERT INTO `acceso` (IDAcceso, usuario_IDUsuario, rol_IDRol) VALUES
  (1,1,1),
  (2,2,1);
COMMIT;

/* Data for the `producto` table  (LIMIT 0,500) */

INSERT INTO `producto` (IDProducto, `Nombre Producto`, Ancho, Rendimiento, Estatus) VALUES
  (1,'ACRILYCRA',1.60,2.10,1),
  (2,'ALIZA',1.60,2.10,1),
  (3,'ALPINA',1.60,2.10,1),
  (4,'ANTARTIDA',1.60,2.10,1),
  (5,'ANTIPILLING JASPE',1.60,2.10,1),
  (6,'ANTIPILLING LISO',1.60,2.10,1),
  (7,'BELEN',1.60,2.10,1),
  (8,'BLONDA BLANCA GRUESA',1.60,2.10,1),
  (9,'BLONDA BLANCAS DELGADA',1.60,2.10,1),
  (10,'BOMBAY  LISO',1.60,2.10,1),
  (11,'BOMBAY EST O FLORENCIA',1.60,2.10,1),
  (12,'BOMBAY IMPORTADO',1.60,2.10,1),
  (13,'BOMBAY IMPORTADO NEON',1.60,2.10,1),
  (14,'BOMBAY NEON',1.60,2.10,1),
  (15,'BOMBAY SATEX',1.60,2.10,1),
  (16,'BRILLALIN ESTAMPADO',1.60,2.10,1),
  (17,'BUBLE BORDADO',1.60,2.10,1),
  (18,'CAMILA',1.60,2.10,1),
  (19,'CAMISERO CORBATERO',1.60,2.10,1),
  (20,'CAPITONADO GUATA EST DIGITAL PUNCH',1.60,2.10,1),
  (21,'CAPITONADO JACQUARD EST DIGITAL',1.60,2.10,1),
  (22,'CAPITONADO JACQUARD EST DIGITAL PLASTICO',1.60,2.10,1),
  (23,'CAPITONADO JACQUARD LISO',1.60,2.10,1),
  (24,'CAPITONADO JACQUARD LISO PLASTICO',1.60,2.10,1),
  (25,'CAPITONADO TAFETA CON GUATA ',1.60,2.10,1),
  (26,'CAPITONADO TAFETA DUO',1.60,2.10,1),
  (27,'CAPITONADO VINIL GUATA (NUEVO)',1.60,2.10,1),
  (28,'CAPITONADO VINIPIEL CON FORRO (PASADO)',1.60,2.10,1),
  (29,'CAPRIATI ESTAMPADO',1.60,2.10,1),
  (30,'CAPRIATI LISO',1.60,2.10,1),
  (31,'CARDIGAN',1.60,2.10,1),
  (32,'CHAMARRA',1.60,2.10,1),
  (33,'CORAL ESTAMPADO ',1.60,2.10,1),
  (34,'CORAL ESTAMPADO PROMOCION',1.60,2.10,1),
  (35,'CREPE  LISO',1.60,2.10,1),
  (36,'CREPE ESTAMPADO',1.60,2.10,1),
  (37,'CREPE SHINNING',1.60,2.10,1),
  (38,'CROCHET ',1.60,2.10,1),
  (39,'CROCHET BICOLOR',1.60,2.10,1),
  (40,'CROCHET CON  PERLAS',1.60,2.10,1),
  (41,'CROCHET CON LENTEJUELA',1.60,2.10,1),
  (42,'CROCHET ESTAMPADO',1.60,2.10,1),
  (43,'CUADRO CAMISERO',1.60,2.10,1),
  (44,'CUADRO CAMISERO NUEVO',1.60,2.10,1),
  (45,'CUADRO CON LUREX',1.60,2.10,1),
  (46,'DINAMARCA',1.60,2.10,1),
  (47,'DOBLE GEORGETTE',1.60,2.10,1),
  (48,'DOBLE GEORGETTE SATIN',1.60,2.10,1),
  (49,'DUBLIN',1.60,2.10,1),
  (50,'DULCE ',1.60,2.10,1),
  (51,'ELEGANCE ESTAMPADO',1.60,2.10,1),
  (52,'ENCAJE OFERTA',1.60,2.10,1),
  (53,'ENCAJE REBORDADO TEÑIDO',1.60,2.10,1),
  (54,'ENCAJE STRECH NUEVO ',1.60,2.10,1),
  (55,'EXCELTOR',1.60,2.10,1),
  (56,'FAHARA (BRUSELAS )',1.60,2.10,1),
  (57,'FAHARA PLUS (BETOS)',1.60,2.10,1),
  (58,'FELPA HACHI ',1.60,2.10,1),
  (59,'FELPA SPUN JASPE',1.60,2.10,1),
  (60,'FELPA SPUN LISO',1.60,2.10,1),
  (61,'FENDY COLORES',1.60,2.10,1),
  (62,'FENDY NEGRO',1.60,2.10,1),
  (63,'FOUR WAY ESTAMPADO',1.60,2.10,1),
  (64,'FOUR WAY LISO',1.60,2.10,1),
  (65,'FRANELA CUADROS',1.60,2.10,1),
  (66,'FRENCH NORUEGA',1.60,2.10,1),
  (67,'FRENCH TERRY AFELPADO',1.60,2.10,1),
  (68,'FRENCH TERRY FOIL',1.60,2.10,1),
  (69,'FRENCH TERRY JASPE',1.60,2.10,1),
  (70,'FRENCH TERRY JASPE AVENA',1.60,2.10,1),
  (71,'FRENCH TERRY JASPE AVENA ESTAMPADO',1.60,2.10,1),
  (72,'FRENCH TERRY LISO',1.60,2.10,1),
  (73,'FRENCH TERRY MATRIZ',1.60,2.10,1),
  (74,'FRENCH TERRY SALPICADO',1.60,2.10,1),
  (75,'GAMUSA ESTAMPADA',1.60,2.10,1),
  (76,'GAMUSA LISA',1.60,2.10,1),
  (77,'GUCCI PLISADO',1.60,2.10,1),
  (78,'GUCCI PLISADO DOBLE',1.60,2.10,1),
  (79,'HACHI CRINKO',1.60,2.10,1),
  (80,'HACHI SWETHER BRUSH',1.60,2.10,1),
  (81,'HATCHI RAYAS',1.60,2.10,1),
  (82,'HAWALL',1.60,2.10,1),
  (83,'HOLANDA',1.60,2.10,1),
  (84,'HUBLOT FOIL CREPE',1.60,2.10,1),
  (85,'HUBLOT PLISADO',1.60,2.10,1),
  (86,'HUBLOT SIL',1.60,2.10,1),
  (87,'IBIZA',1.60,2.10,1),
  (88,'ITY LISO',1.60,2.10,1),
  (89,'JACKARD EST NACIONAL',1.60,2.10,1),
  (90,'JACKARD ESTAMPADO IMPORTADO',1.60,2.10,1),
  (91,'JACKARD LISO  ',1.60,2.10,1),
  (92,'LENTEJUELA NORMAL',1.60,2.10,1),
  (93,'LENTEJULA LEONOR',1.60,2.10,1),
  (94,'LICRA JACK ',1.60,2.10,1),
  (95,'LICRA MEZCLILLA',1.60,2.10,1),
  (96,'LONDON',1.60,2.10,1),
  (97,'LONDON ESTAMPADO',1.60,2.10,1),
  (98,'MACALAO Y TECNO EMBO',1.60,2.10,1),
  (99,'MANTA BLANCA Y HUESO',1.60,2.10,1),
  (100,'MANTA COLORES  ',1.60,2.10,1),
  (101,'MESH BORDADO 3D',1.60,2.10,1),
  (102,'MESH BORDADO NEGRO',1.60,2.10,1),
  (103,'MESH ESTAMPADO',1.60,2.10,1),
  (104,'MESH LISO',1.60,2.10,1),
  (105,'MEZCLILLA BORDADA',1.60,2.10,1),
  (106,'MEZCLILLA DOLPHYN',1.60,2.10,1),
  (107,'MEZCLILLA FLYNN LISA 4 OZ.',1.60,2.10,1),
  (108,'MEZCLILLA FRYNN ESTAMPADA',1.60,2.10,1),
  (109,'MICRO BODING',1.60,2.10,1),
  (110,'MICROPOLAR ESTAMPADO',1.60,2.10,1),
  (111,'MIL UNO',1.60,2.10,1),
  (112,'MILENIO LISO',1.60,2.10,1),
  (113,'MILENIO ROMA HORTENCIA LISO',1.60,2.10,1),
  (114,'MILENIUM CREPE',1.60,2.10,1),
  (115,'MOON TWILL ESTAMPADO',1.60,2.10,1),
  (116,'NEW MUNICH BICOLOR',1.60,2.10,1),
  (117,'NEW MUNICH LISO',1.60,2.10,1),
  (118,'NIEVE',1.60,2.10,1),
  (119,'NYLON TRICOT ESTAMPADO',1.60,2.10,1),
  (120,'PACIFICO ESTAMPADO COLOMBIANO',1.60,2.10,1),
  (121,'PACIFICO LISO (TRICOT LISO)',1.60,2.10,1),
  (122,'PAÑO 3D',1.60,2.10,1),
  (123,'PAÑO ESTAMPADO',1.60,2.10,1),
  (124,'PAÑO LISO',1.60,2.10,1),
  (125,'PELO PENELOPE',1.60,2.10,1),
  (126,'PIEL DE PERRO',1.60,2.10,1),
  (127,'PIQUE',1.60,2.10,1),
  (128,'PLUMAS',1.60,2.10,1),
  (129,'POLIRAYON LISO COL. NORMAL',1.60,2.10,1),
  (130,'POLITICA VERDE',1.60,2.10,1),
  (131,'POLYSTRIPE CREPE FOIL',1.60,2.10,1),
  (132,'POPELINA ESTAMPADA',1.60,2.10,1),
  (133,'POPELINA LISA',1.60,2.10,1),
  (134,'PRAGA',1.60,2.10,1),
  (135,'PUNTI ROMA LISO',1.60,2.10,1),
  (136,'RAYON BORDADO',1.60,2.10,1),
  (137,'RAYON CHALIS ESTAMPADO FIGURAS',1.60,2.10,1),
  (138,'RAYON CHALIS LISO',1.60,2.10,1),
  (139,'RAYON CHlALIS NUEVOS EN CUADROS ',1.60,2.10,1),
  (140,'RAYON CORRUGADO ESTAMPADO',1.60,2.10,1),
  (141,'RAYON CORRUGADO LISO',1.60,2.10,1),
  (142,'RAYON VIZCOZA ESTAMPADO',1.60,2.10,1),
  (143,'RAYON VIZCOZA LISO',1.60,2.10,1),
  (144,'SINGLE SPANDEX ESTAMPADO',1.60,2.10,1),
  (145,'SKY TRAVELER',1.60,2.10,1),
  (146,'SPORTOC COLORES',1.60,2.10,1),
  (147,'SPORTOCK NEGRO',1.60,2.10,1),
  (148,'SUCKER ALGODÓN',1.60,2.10,1),
  (149,'SUPER PUNTY',1.60,2.10,1),
  (150,'SWIN SPORT ESTAMPADO',1.60,2.10,1),
  (151,'SWIN SPORT LISO',1.60,2.10,1),
  (152,'T/C BLANCO',1.60,2.10,1),
  (153,'T/C CENEFA OFERTA',1.60,2.10,1),
  (154,'T/C COLORES',1.60,2.10,1),
  (155,'T/C ESTAMPADO SOFIA',1.60,2.10,1),
  (156,'TAFETA FORRO BLANCO ',1.60,2.10,1),
  (157,'TAFETA FORRO COLORES',1.60,2.10,1),
  (158,'TAFETA TORNASOL',1.60,2.10,1),
  (159,'TAFETA TORNASOL CORRUGADA',1.60,2.10,1),
  (160,'TECNO CREPE',1.60,2.10,1),
  (161,'TECNO ESTAMPADO',1.60,2.10,1),
  (162,'TECNO LISO',1.60,2.10,1),
  (163,'TECNO TEÑIDO',1.60,2.10,1),
  (164,'TIFANNY BRUSH ESTAMPADO CHINO',1.60,2.10,1),
  (165,'TIFANNY BRUSH ESTAMPADO NACIONAL',1.60,2.10,1),
  (166,'TIFANNY BRUSH LISO',1.60,2.10,1),
  (167,'TIFANNY ESTAMPADA ATRASADOS',1.60,2.10,1),
  (168,'TIFANNY ESTAMPADA NUEVOS ',1.60,2.10,1),
  (169,'TISSI ESTAMPADOS NUEVOS',1.60,2.10,1),
  (170,'TOKIO',1.60,2.10,1),
  (171,'TRICOT ADERIBLE',1.60,2.10,1),
  (172,'VELOUR ALGODÓN',1.60,2.10,1),
  (173,'VELOUR POLIESTER',1.60,2.10,1),
  (174,'VELVET  ESTAMPADO',1.60,2.10,1),
  (175,'VELVET  LISO',1.60,2.10,1),
  (176,'VENECIA EST NEON',1.60,2.10,1),
  (177,'VENECIA ESTAMPADA',1.60,2.10,1),
  (178,'VENECIA LISA NEON  Y COLORES JASPES',1.60,2.10,1),
  (179,'VENECIA LISA PERLA Y OXFORD JASPES',1.60,2.10,1),
  (180,'VENECIA SALPICADA',1.60,2.10,1),
  (181,'VENECIA SALPICADA DIBUJO 3 COR Y ROJO',1.60,2.10,1),
  (182,'VOILE BORDADO',1.60,2.10,1),
  (183,'XIMENA / EMILY+B39',1.60,2.10,1);
COMMIT;

/* Data for the `tipoprecio` table  (LIMIT 0,500) */

INSERT INTO `tipoprecio` (IDTipoPrecio, NombrePrecio) VALUES
  (1,'Rollo'),
  (2,'Mayoreo'),
  (3,'Menudeo');
COMMIT;

/* Data for the `precioproducto` table  (LIMIT 0,500) */

INSERT INTO `precioproducto` (IDPrecioProducto, producto_IDProducto, tipoprecio_IDTipoPrecio, PrecioProducto, tienda_IDTienda, FechaAlta, usuario_IDUsuarioAlta, usuario_IDUsuarioModifica, FechaMod, Estatus) VALUES
  (1,1,1,150.00,1,'2017-12-26 13:30:00',1,1,'2017-12-26 13:30:00',1),
  (2,1,2,152.00,1,'2017-12-26 13:30:00',1,1,'2017-12-26 13:30:00',1),
  (3,1,3,155.00,1,'2017-12-26 13:30:00',1,1,'2017-12-26 13:30:00',1),
  (4,2,1,80.00,1,'2017-12-26 13:30:00',1,1,'2017-12-26 13:30:00',1),
  (5,2,2,82.00,1,'2017-12-26 13:30:00',1,1,'2017-12-26 13:30:00',1),
  (6,2,3,85.00,1,'2017-12-26 13:30:00',1,1,'2017-12-26 13:30:00',1),
  (7,3,1,130.00,1,'2017-12-26 13:30:00',1,1,'2017-12-26 13:30:00',1),
  (8,3,2,132.00,1,'2017-12-26 13:30:00',1,1,'2017-12-26 13:30:00',1),
  (9,3,3,135.00,1,'2017-12-26 13:30:00',1,1,'2017-12-26 13:30:00',1),
  (10,4,1,150.00,1,'2017-12-26 13:30:00',1,1,'2017-12-26 13:30:00',1),
  (11,4,2,152.00,1,'2017-12-26 13:30:00',1,1,'2017-12-26 13:30:00',1),
  (12,4,3,155.00,1,'2017-12-26 13:30:00',1,1,'2017-12-26 13:30:00',1),
  (13,5,1,80.00,1,'2017-12-26 13:30:00',1,1,'2017-12-26 13:30:00',1),
  (14,5,2,82.00,1,'2017-12-26 13:30:00',1,1,'2017-12-26 13:30:00',1),
  (15,5,3,85.00,1,'2017-12-26 13:30:00',1,1,'2017-12-26 13:30:00',1),
  (16,6,1,78.00,1,'2017-12-26 13:30:00',1,1,'2017-12-26 13:30:00',1),
  (17,6,2,80.00,1,'2017-12-26 13:30:00',1,1,'2017-12-26 13:30:00',1),
  (18,6,3,83.00,1,'2017-12-26 13:30:00',1,1,'2017-12-26 13:30:00',1),
  (19,7,1,110.00,1,'2017-12-26 13:30:00',1,1,'2017-12-26 13:30:00',1),
  (20,7,2,112.00,1,'2017-12-26 13:30:00',1,1,'2017-12-26 13:30:00',1),
  (21,7,3,115.00,1,'2017-12-26 13:30:00',1,1,'2017-12-26 13:30:00',1),
  (22,8,1,15.00,1,'2017-12-26 13:30:00',1,1,'2017-12-26 13:30:00',1),
  (23,8,2,17.00,1,'2017-12-26 13:30:00',1,1,'2017-12-26 13:30:00',1),
  (24,8,3,20.00,1,'2017-12-26 13:30:00',1,1,'2017-12-26 13:30:00',1),
  (25,9,1,10.00,1,'2017-12-26 13:30:00',1,1,'2017-12-26 13:30:00',1),
  (26,9,2,12.00,1,'2017-12-26 13:30:00',1,1,'2017-12-26 13:30:00',1),
  (27,9,3,15.00,1,'2017-12-26 13:30:00',1,1,'2017-12-26 13:30:00',1),
  (28,10,1,17.90,1,'2017-12-26 13:30:00',1,1,'2017-12-26 13:30:00',1),
  (29,10,2,19.90,1,'2017-12-26 13:30:00',1,1,'2017-12-26 13:30:00',1),
  (30,10,3,22.90,1,'2017-12-26 13:30:00',1,1,'2017-12-26 13:30:00',1),
  (31,11,1,25.00,1,'2017-12-26 13:30:00',1,1,'2017-12-26 13:30:00',1),
  (32,11,2,27.00,1,'2017-12-26 13:30:00',1,1,'2017-12-26 13:30:00',1),
  (33,11,3,30.00,1,'2017-12-26 13:30:00',1,1,'2017-12-26 13:30:00',1),
  (34,12,1,11.50,1,'2017-12-26 13:30:00',1,1,'2017-12-26 13:30:00',1),
  (35,12,2,13.50,1,'2017-12-26 13:30:00',1,1,'2017-12-26 13:30:00',1),
  (36,12,3,16.50,1,'2017-12-26 13:30:00',1,1,'2017-12-26 13:30:00',1),
  (37,13,1,12.50,1,'2017-12-26 13:30:00',1,1,'2017-12-26 13:30:00',1),
  (38,13,2,14.50,1,'2017-12-26 13:30:00',1,1,'2017-12-26 13:30:00',1),
  (39,13,3,17.50,1,'2017-12-26 13:30:00',1,1,'2017-12-26 13:30:00',1),
  (40,14,1,19.90,1,'2017-12-26 13:30:00',1,1,'2017-12-26 13:30:00',1),
  (41,14,2,21.90,1,'2017-12-26 13:30:00',1,1,'2017-12-26 13:30:00',1),
  (42,14,3,24.90,1,'2017-12-26 13:30:00',1,1,'2017-12-26 13:30:00',1),
  (43,15,1,16.50,1,'2017-12-26 13:30:00',1,1,'2017-12-26 13:30:00',1),
  (44,15,2,18.50,1,'2017-12-26 13:30:00',1,1,'2017-12-26 13:30:00',1),
  (45,15,3,21.50,1,'2017-12-26 13:30:00',1,1,'2017-12-26 13:30:00',1),
  (46,16,1,46.00,1,'2017-12-26 13:30:00',1,1,'2017-12-26 13:30:00',1),
  (47,16,2,48.00,1,'2017-12-26 13:30:00',1,1,'2017-12-26 13:30:00',1),
  (48,16,3,51.00,1,'2017-12-26 13:30:00',1,1,'2017-12-26 13:30:00',1),
  (49,17,1,60.00,1,'2017-12-26 13:30:00',1,1,'2017-12-26 13:30:00',1),
  (50,17,2,62.00,1,'2017-12-26 13:30:00',1,1,'2017-12-26 13:30:00',1),
  (51,17,3,65.00,1,'2017-12-26 13:30:00',1,1,'2017-12-26 13:30:00',1),
  (52,18,1,140.00,1,'2017-12-26 13:30:00',1,1,'2017-12-26 13:30:00',1),
  (53,18,2,142.00,1,'2017-12-26 13:30:00',1,1,'2017-12-26 13:30:00',1),
  (54,18,3,145.00,1,'2017-12-26 13:30:00',1,1,'2017-12-26 13:30:00',1),
  (55,19,1,38.00,1,'2017-12-26 13:30:00',1,1,'2017-12-26 13:30:00',1),
  (56,19,2,40.00,1,'2017-12-26 13:30:00',1,1,'2017-12-26 13:30:00',1),
  (57,19,3,43.00,1,'2017-12-26 13:30:00',1,1,'2017-12-26 13:30:00',1),
  (58,20,1,30.00,1,'2017-12-26 13:30:00',1,1,'2017-12-26 13:30:00',1),
  (59,20,2,32.00,1,'2017-12-26 13:30:00',1,1,'2017-12-26 13:30:00',1),
  (60,20,3,35.00,1,'2017-12-26 13:30:00',1,1,'2017-12-26 13:30:00',1),
  (61,21,1,20.00,1,'2017-12-26 13:30:00',1,1,'2017-12-26 13:30:00',1),
  (62,21,2,22.00,1,'2017-12-26 13:30:00',1,1,'2017-12-26 13:30:00',1),
  (63,21,3,25.00,1,'2017-12-26 13:30:00',1,1,'2017-12-26 13:30:00',1),
  (64,22,1,20.00,1,'2017-12-26 13:30:00',1,1,'2017-12-26 13:30:00',1),
  (65,22,2,22.00,1,'2017-12-26 13:30:00',1,1,'2017-12-26 13:30:00',1),
  (66,22,3,25.00,1,'2017-12-26 13:30:00',1,1,'2017-12-26 13:30:00',1),
  (67,23,1,35.00,1,'2017-12-26 13:30:00',1,1,'2017-12-26 13:30:00',1),
  (68,23,2,37.00,1,'2017-12-26 13:30:00',1,1,'2017-12-26 13:30:00',1),
  (69,23,3,40.00,1,'2017-12-26 13:30:00',1,1,'2017-12-26 13:30:00',1),
  (70,24,1,20.00,1,'2017-12-26 13:30:00',1,1,'2017-12-26 13:30:00',1),
  (71,24,2,22.00,1,'2017-12-26 13:30:00',1,1,'2017-12-26 13:30:00',1),
  (72,24,3,25.00,1,'2017-12-26 13:30:00',1,1,'2017-12-26 13:30:00',1),
  (73,25,1,60.00,1,'2017-12-26 13:30:00',1,1,'2017-12-26 13:30:00',1),
  (74,25,2,62.00,1,'2017-12-26 13:30:00',1,1,'2017-12-26 13:30:00',1),
  (75,25,3,65.00,1,'2017-12-26 13:30:00',1,1,'2017-12-26 13:30:00',1),
  (76,26,1,75.00,1,'2017-12-26 13:30:00',1,1,'2017-12-26 13:30:00',1),
  (77,26,2,77.00,1,'2017-12-26 13:30:00',1,1,'2017-12-26 13:30:00',1),
  (78,26,3,80.00,1,'2017-12-26 13:30:00',1,1,'2017-12-26 13:30:00',1),
  (79,27,1,55.00,1,'2017-12-26 13:30:00',1,1,'2017-12-26 13:30:00',1),
  (80,27,2,57.00,1,'2017-12-26 13:30:00',1,1,'2017-12-26 13:30:00',1),
  (81,27,3,60.00,1,'2017-12-26 13:30:00',1,1,'2017-12-26 13:30:00',1),
  (82,28,1,75.00,1,'2017-12-26 13:30:00',1,1,'2017-12-26 13:30:00',1),
  (83,28,2,77.00,1,'2017-12-26 13:30:00',1,1,'2017-12-26 13:30:00',1),
  (84,28,3,80.00,1,'2017-12-26 13:30:00',1,1,'2017-12-26 13:30:00',1),
  (85,29,1,150.00,1,'2017-12-26 13:30:00',1,1,'2017-12-26 13:30:00',1),
  (86,29,2,152.00,1,'2017-12-26 13:30:00',1,1,'2017-12-26 13:30:00',1),
  (87,29,3,155.00,1,'2017-12-26 13:30:00',1,1,'2017-12-26 13:30:00',1),
  (88,30,1,130.00,1,'2017-12-26 13:30:00',1,1,'2017-12-26 13:30:00',1),
  (89,30,2,132.00,1,'2017-12-26 13:30:00',1,1,'2017-12-26 13:30:00',1),
  (90,30,3,135.00,1,'2017-12-26 13:30:00',1,1,'2017-12-26 13:30:00',1),
  (91,31,1,130.00,1,'2017-12-26 13:30:00',1,1,'2017-12-26 13:30:00',1),
  (92,31,2,132.00,1,'2017-12-26 13:30:00',1,1,'2017-12-26 13:30:00',1),
  (93,31,3,135.00,1,'2017-12-26 13:30:00',1,1,'2017-12-26 13:30:00',1),
  (94,32,1,80.00,1,'2017-12-26 13:30:00',1,1,'2017-12-26 13:30:00',1),
  (95,32,2,82.00,1,'2017-12-26 13:30:00',1,1,'2017-12-26 13:30:00',1),
  (96,32,3,85.00,1,'2017-12-26 13:30:00',1,1,'2017-12-26 13:30:00',1),
  (97,33,1,70.00,1,'2017-12-26 13:30:00',1,1,'2017-12-26 13:30:00',1),
  (98,33,2,72.00,1,'2017-12-26 13:30:00',1,1,'2017-12-26 13:30:00',1),
  (99,33,3,75.00,1,'2017-12-26 13:30:00',1,1,'2017-12-26 13:30:00',1),
  (100,34,1,25.00,1,'2017-12-26 13:30:00',1,1,'2017-12-26 13:30:00',1),
  (101,34,2,27.00,1,'2017-12-26 13:30:00',1,1,'2017-12-26 13:30:00',1),
  (102,34,3,30.00,1,'2017-12-26 13:30:00',1,1,'2017-12-26 13:30:00',1),
  (103,35,1,30.00,1,'2017-12-26 13:30:00',1,1,'2017-12-26 13:30:00',1),
  (104,35,2,32.00,1,'2017-12-26 13:30:00',1,1,'2017-12-26 13:30:00',1),
  (105,35,3,35.00,1,'2017-12-26 13:30:00',1,1,'2017-12-26 13:30:00',1),
  (106,36,1,30.00,1,'2017-12-26 13:30:00',1,1,'2017-12-26 13:30:00',1),
  (107,36,2,32.00,1,'2017-12-26 13:30:00',1,1,'2017-12-26 13:30:00',1),
  (108,36,3,35.00,1,'2017-12-26 13:30:00',1,1,'2017-12-26 13:30:00',1),
  (109,37,1,25.00,1,'2017-12-26 13:30:00',1,1,'2017-12-26 13:30:00',1),
  (110,37,2,27.00,1,'2017-12-26 13:30:00',1,1,'2017-12-26 13:30:00',1),
  (111,37,3,30.00,1,'2017-12-26 13:30:00',1,1,'2017-12-26 13:30:00',1),
  (112,38,1,95.00,1,'2017-12-26 13:30:00',1,1,'2017-12-26 13:30:00',1),
  (113,38,2,97.00,1,'2017-12-26 13:30:00',1,1,'2017-12-26 13:30:00',1),
  (114,38,3,100.00,1,'2017-12-26 13:30:00',1,1,'2017-12-26 13:30:00',1),
  (115,39,1,140.00,1,'2017-12-26 13:30:00',1,1,'2017-12-26 13:30:00',1),
  (116,39,2,142.00,1,'2017-12-26 13:30:00',1,1,'2017-12-26 13:30:00',1),
  (117,39,3,145.00,1,'2017-12-26 13:30:00',1,1,'2017-12-26 13:30:00',1),
  (118,40,1,120.00,1,'2017-12-26 13:30:00',1,1,'2017-12-26 13:30:00',1),
  (119,40,2,122.00,1,'2017-12-26 13:30:00',1,1,'2017-12-26 13:30:00',1),
  (120,40,3,125.00,1,'2017-12-26 13:30:00',1,1,'2017-12-26 13:30:00',1),
  (121,41,1,15.00,1,'2017-12-26 13:30:00',1,1,'2017-12-26 13:30:00',1),
  (122,41,2,17.00,1,'2017-12-26 13:30:00',1,1,'2017-12-26 13:30:00',1),
  (123,41,3,20.00,1,'2017-12-26 13:30:00',1,1,'2017-12-26 13:30:00',1),
  (124,42,1,100.00,1,'2017-12-26 13:30:00',1,1,'2017-12-26 13:30:00',1),
  (125,42,2,102.00,1,'2017-12-26 13:30:00',1,1,'2017-12-26 13:30:00',1),
  (126,42,3,105.00,1,'2017-12-26 13:30:00',1,1,'2017-12-26 13:30:00',1),
  (127,43,1,25.00,1,'2017-12-26 13:30:00',1,1,'2017-12-26 13:30:00',1),
  (128,43,2,27.00,1,'2017-12-26 13:30:00',1,1,'2017-12-26 13:30:00',1),
  (129,43,3,30.00,1,'2017-12-26 13:30:00',1,1,'2017-12-26 13:30:00',1),
  (130,44,1,32.00,1,'2017-12-26 13:30:00',1,1,'2017-12-26 13:30:00',1),
  (131,44,2,34.00,1,'2017-12-26 13:30:00',1,1,'2017-12-26 13:30:00',1),
  (132,44,3,37.00,1,'2017-12-26 13:30:00',1,1,'2017-12-26 13:30:00',1),
  (133,45,1,15.00,1,'2017-12-26 13:30:00',1,1,'2017-12-26 13:30:00',1),
  (134,45,2,17.00,1,'2017-12-26 13:30:00',1,1,'2017-12-26 13:30:00',1),
  (135,45,3,20.00,1,'2017-12-26 13:30:00',1,1,'2017-12-26 13:30:00',1),
  (136,46,1,36.00,1,'2017-12-26 13:30:00',1,1,'2017-12-26 13:30:00',1),
  (137,46,2,38.00,1,'2017-12-26 13:30:00',1,1,'2017-12-26 13:30:00',1),
  (138,46,3,41.00,1,'2017-12-26 13:30:00',1,1,'2017-12-26 13:30:00',1),
  (139,47,1,10.00,1,'2017-12-26 13:30:00',1,1,'2017-12-26 13:30:00',1),
  (140,47,2,12.00,1,'2017-12-26 13:30:00',1,1,'2017-12-26 13:30:00',1),
  (141,47,3,15.00,1,'2017-12-26 13:30:00',1,1,'2017-12-26 13:30:00',1),
  (142,48,1,10.00,1,'2017-12-26 13:30:00',1,1,'2017-12-26 13:30:00',1),
  (143,48,2,12.00,1,'2017-12-26 13:30:00',1,1,'2017-12-26 13:30:00',1),
  (144,48,3,15.00,1,'2017-12-26 13:30:00',1,1,'2017-12-26 13:30:00',1),
  (145,49,1,89.00,1,'2017-12-26 13:30:00',1,1,'2017-12-26 13:30:00',1),
  (146,49,2,91.00,1,'2017-12-26 13:30:00',1,1,'2017-12-26 13:30:00',1),
  (147,49,3,94.00,1,'2017-12-26 13:30:00',1,1,'2017-12-26 13:30:00',1),
  (148,50,1,34.00,1,'2017-12-26 13:30:00',1,1,'2017-12-26 13:30:00',1),
  (149,50,2,36.00,1,'2017-12-26 13:30:00',1,1,'2017-12-26 13:30:00',1),
  (150,50,3,39.00,1,'2017-12-26 13:30:00',1,1,'2017-12-26 13:30:00',1),
  (151,51,1,42.00,1,'2017-12-26 13:30:00',1,1,'2017-12-26 13:30:00',1),
  (152,51,2,44.00,1,'2017-12-26 13:30:00',1,1,'2017-12-26 13:30:00',1),
  (153,51,3,47.00,1,'2017-12-26 13:30:00',1,1,'2017-12-26 13:30:00',1),
  (154,52,1,18.00,1,'2017-12-26 13:30:00',1,1,'2017-12-26 13:30:00',1),
  (155,52,2,20.00,1,'2017-12-26 13:30:00',1,1,'2017-12-26 13:30:00',1),
  (156,52,3,23.00,1,'2017-12-26 13:30:00',1,1,'2017-12-26 13:30:00',1),
  (157,53,1,15.00,1,'2017-12-26 13:30:00',1,1,'2017-12-26 13:30:00',1),
  (158,53,2,17.00,1,'2017-12-26 13:30:00',1,1,'2017-12-26 13:30:00',1),
  (159,53,3,20.00,1,'2017-12-26 13:30:00',1,1,'2017-12-26 13:30:00',1),
  (160,54,1,50.00,1,'2017-12-26 13:30:00',1,1,'2017-12-26 13:30:00',1),
  (161,54,2,52.00,1,'2017-12-26 13:30:00',1,1,'2017-12-26 13:30:00',1),
  (162,54,3,55.00,1,'2017-12-26 13:30:00',1,1,'2017-12-26 13:30:00',1),
  (163,55,1,110.00,1,'2017-12-26 13:30:00',1,1,'2017-12-26 13:30:00',1),
  (164,55,2,112.00,1,'2017-12-26 13:30:00',1,1,'2017-12-26 13:30:00',1),
  (165,55,3,115.00,1,'2017-12-26 13:30:00',1,1,'2017-12-26 13:30:00',1),
  (166,56,1,115.00,1,'2017-12-26 13:30:00',1,1,'2017-12-26 13:30:00',1),
  (167,56,2,117.00,1,'2017-12-26 13:30:00',1,1,'2017-12-26 13:30:00',1),
  (168,56,3,120.00,1,'2017-12-26 13:30:00',1,1,'2017-12-26 13:30:00',1),
  (169,57,1,140.00,1,'2017-12-26 13:30:00',1,1,'2017-12-26 13:30:00',1),
  (170,57,2,142.00,1,'2017-12-26 13:30:00',1,1,'2017-12-26 13:30:00',1),
  (171,57,3,145.00,1,'2017-12-26 13:30:00',1,1,'2017-12-26 13:30:00',1),
  (172,58,1,100.00,1,'2017-12-26 13:30:00',1,1,'2017-12-26 13:30:00',1),
  (173,58,2,102.00,1,'2017-12-26 13:30:00',1,1,'2017-12-26 13:30:00',1),
  (174,58,3,105.00,1,'2017-12-26 13:30:00',1,1,'2017-12-26 13:30:00',1),
  (175,59,1,80.00,1,'2017-12-26 13:30:00',1,1,'2017-12-26 13:30:00',1),
  (176,59,2,82.00,1,'2017-12-26 13:30:00',1,1,'2017-12-26 13:30:00',1),
  (177,59,3,85.00,1,'2017-12-26 13:30:00',1,1,'2017-12-26 13:30:00',1),
  (178,60,1,76.00,1,'2017-12-26 13:30:00',1,1,'2017-12-26 13:30:00',1),
  (179,60,2,78.00,1,'2017-12-26 13:30:00',1,1,'2017-12-26 13:30:00',1),
  (180,60,3,81.00,1,'2017-12-26 13:30:00',1,1,'2017-12-26 13:30:00',1),
  (181,61,1,50.00,1,'2017-12-26 13:30:00',1,1,'2017-12-26 13:30:00',1),
  (182,61,2,52.00,1,'2017-12-26 13:30:00',1,1,'2017-12-26 13:30:00',1),
  (183,61,3,55.00,1,'2017-12-26 13:30:00',1,1,'2017-12-26 13:30:00',1),
  (184,62,1,56.00,1,'2017-12-26 13:30:00',1,1,'2017-12-26 13:30:00',1),
  (185,62,2,58.00,1,'2017-12-26 13:30:00',1,1,'2017-12-26 13:30:00',1),
  (186,62,3,61.00,1,'2017-12-26 13:30:00',1,1,'2017-12-26 13:30:00',1),
  (187,63,1,38.00,1,'2017-12-26 13:30:00',1,1,'2017-12-26 13:30:00',1),
  (188,63,2,40.00,1,'2017-12-26 13:30:00',1,1,'2017-12-26 13:30:00',1),
  (189,63,3,43.00,1,'2017-12-26 13:30:00',1,1,'2017-12-26 13:30:00',1),
  (190,64,1,10.00,1,'2017-12-26 13:30:00',1,1,'2017-12-26 13:30:00',1),
  (191,64,2,12.00,1,'2017-12-26 13:30:00',1,1,'2017-12-26 13:30:00',1),
  (192,64,3,15.00,1,'2017-12-26 13:30:00',1,1,'2017-12-26 13:30:00',1),
  (193,65,1,38.00,1,'2017-12-26 13:30:00',1,1,'2017-12-26 13:30:00',1),
  (194,65,2,40.00,1,'2017-12-26 13:30:00',1,1,'2017-12-26 13:30:00',1),
  (195,65,3,43.00,1,'2017-12-26 13:30:00',1,1,'2017-12-26 13:30:00',1),
  (196,66,1,150.00,1,'2017-12-26 13:30:00',1,1,'2017-12-26 13:30:00',1),
  (197,66,2,152.00,1,'2017-12-26 13:30:00',1,1,'2017-12-26 13:30:00',1),
  (198,66,3,155.00,1,'2017-12-26 13:30:00',1,1,'2017-12-26 13:30:00',1),
  (199,67,1,99.00,1,'2017-12-26 13:30:00',1,1,'2017-12-26 13:30:00',1),
  (200,67,2,101.00,1,'2017-12-26 13:30:00',1,1,'2017-12-26 13:30:00',1),
  (201,67,3,104.00,1,'2017-12-26 13:30:00',1,1,'2017-12-26 13:30:00',1),
  (202,68,1,200.00,1,'2017-12-26 13:30:00',1,1,'2017-12-26 13:30:00',1),
  (203,68,2,202.00,1,'2017-12-26 13:30:00',1,1,'2017-12-26 13:30:00',1),
  (204,68,3,205.00,1,'2017-12-26 13:30:00',1,1,'2017-12-26 13:30:00',1),
  (205,69,1,118.00,1,'2017-12-26 13:30:00',1,1,'2017-12-26 13:30:00',1),
  (206,69,2,120.00,1,'2017-12-26 13:30:00',1,1,'2017-12-26 13:30:00',1),
  (207,69,3,123.00,1,'2017-12-26 13:30:00',1,1,'2017-12-26 13:30:00',1),
  (208,70,1,118.00,1,'2017-12-26 13:30:00',1,1,'2017-12-26 13:30:00',1),
  (209,70,2,120.00,1,'2017-12-26 13:30:00',1,1,'2017-12-26 13:30:00',1),
  (210,70,3,123.00,1,'2017-12-26 13:30:00',1,1,'2017-12-26 13:30:00',1),
  (211,71,1,135.00,1,'2017-12-26 13:30:00',1,1,'2017-12-26 13:30:00',1),
  (212,71,2,137.00,1,'2017-12-26 13:30:00',1,1,'2017-12-26 13:30:00',1),
  (213,71,3,140.00,1,'2017-12-26 13:30:00',1,1,'2017-12-26 13:30:00',1),
  (214,72,1,118.00,1,'2017-12-26 13:30:00',1,1,'2017-12-26 13:30:00',1),
  (215,72,2,120.00,1,'2017-12-26 13:30:00',1,1,'2017-12-26 13:30:00',1),
  (216,72,3,123.00,1,'2017-12-26 13:30:00',1,1,'2017-12-26 13:30:00',1),
  (217,73,1,140.00,1,'2017-12-26 13:30:00',1,1,'2017-12-26 13:30:00',1),
  (218,73,2,142.00,1,'2017-12-26 13:30:00',1,1,'2017-12-26 13:30:00',1),
  (219,73,3,145.00,1,'2017-12-26 13:30:00',1,1,'2017-12-26 13:30:00',1),
  (220,74,1,135.00,1,'2017-12-26 13:30:00',1,1,'2017-12-26 13:30:00',1),
  (221,74,2,137.00,1,'2017-12-26 13:30:00',1,1,'2017-12-26 13:30:00',1),
  (222,74,3,140.00,1,'2017-12-26 13:30:00',1,1,'2017-12-26 13:30:00',1),
  (223,75,1,20.00,1,'2017-12-26 13:30:00',1,1,'2017-12-26 13:30:00',1),
  (224,75,2,22.00,1,'2017-12-26 13:30:00',1,1,'2017-12-26 13:30:00',1),
  (225,75,3,25.00,1,'2017-12-26 13:30:00',1,1,'2017-12-26 13:30:00',1),
  (226,76,1,20.00,1,'2017-12-26 13:30:00',1,1,'2017-12-26 13:30:00',1),
  (227,76,2,22.00,1,'2017-12-26 13:30:00',1,1,'2017-12-26 13:30:00',1),
  (228,76,3,25.00,1,'2017-12-26 13:30:00',1,1,'2017-12-26 13:30:00',1),
  (229,77,1,35.00,1,'2017-12-26 13:30:00',1,1,'2017-12-26 13:30:00',1),
  (230,77,2,37.00,1,'2017-12-26 13:30:00',1,1,'2017-12-26 13:30:00',1),
  (231,77,3,40.00,1,'2017-12-26 13:30:00',1,1,'2017-12-26 13:30:00',1),
  (232,78,1,40.00,1,'2017-12-26 13:30:00',1,1,'2017-12-26 13:30:00',1),
  (233,78,2,42.00,1,'2017-12-26 13:30:00',1,1,'2017-12-26 13:30:00',1),
  (234,78,3,45.00,1,'2017-12-26 13:30:00',1,1,'2017-12-26 13:30:00',1),
  (235,79,1,28.00,1,'2017-12-26 13:30:00',1,1,'2017-12-26 13:30:00',1),
  (236,79,2,30.00,1,'2017-12-26 13:30:00',1,1,'2017-12-26 13:30:00',1),
  (237,79,3,33.00,1,'2017-12-26 13:30:00',1,1,'2017-12-26 13:30:00',1),
  (238,80,1,42.00,1,'2017-12-26 13:30:00',1,1,'2017-12-26 13:30:00',1),
  (239,80,2,44.00,1,'2017-12-26 13:30:00',1,1,'2017-12-26 13:30:00',1),
  (240,80,3,47.00,1,'2017-12-26 13:30:00',1,1,'2017-12-26 13:30:00',1),
  (241,81,1,30.00,1,'2017-12-26 13:30:00',1,1,'2017-12-26 13:30:00',1),
  (242,81,2,32.00,1,'2017-12-26 13:30:00',1,1,'2017-12-26 13:30:00',1),
  (243,81,3,35.00,1,'2017-12-26 13:30:00',1,1,'2017-12-26 13:30:00',1),
  (244,82,1,15.00,1,'2017-12-26 13:30:00',1,1,'2017-12-26 13:30:00',1),
  (245,82,2,17.00,1,'2017-12-26 13:30:00',1,1,'2017-12-26 13:30:00',1),
  (246,82,3,20.00,1,'2017-12-26 13:30:00',1,1,'2017-12-26 13:30:00',1),
  (247,83,1,95.00,1,'2017-12-26 13:30:00',1,1,'2017-12-26 13:30:00',1),
  (248,83,2,97.00,1,'2017-12-26 13:30:00',1,1,'2017-12-26 13:30:00',1),
  (249,83,3,100.00,1,'2017-12-26 13:30:00',1,1,'2017-12-26 13:30:00',1),
  (250,84,1,25.00,1,'2017-12-26 13:30:00',1,1,'2017-12-26 13:30:00',1),
  (251,84,2,27.00,1,'2017-12-26 13:30:00',1,1,'2017-12-26 13:30:00',1),
  (252,84,3,30.00,1,'2017-12-26 13:30:00',1,1,'2017-12-26 13:30:00',1),
  (253,85,1,25.00,1,'2017-12-26 13:30:00',1,1,'2017-12-26 13:30:00',1),
  (254,85,2,27.00,1,'2017-12-26 13:30:00',1,1,'2017-12-26 13:30:00',1),
  (255,85,3,30.00,1,'2017-12-26 13:30:00',1,1,'2017-12-26 13:30:00',1),
  (256,86,1,25.00,1,'2017-12-26 13:30:00',1,1,'2017-12-26 13:30:00',1),
  (257,86,2,27.00,1,'2017-12-26 13:30:00',1,1,'2017-12-26 13:30:00',1),
  (258,86,3,30.00,1,'2017-12-26 13:30:00',1,1,'2017-12-26 13:30:00',1),
  (259,87,1,160.00,1,'2017-12-26 13:30:00',1,1,'2017-12-26 13:30:00',1),
  (260,87,2,162.00,1,'2017-12-26 13:30:00',1,1,'2017-12-26 13:30:00',1),
  (261,87,3,165.00,1,'2017-12-26 13:30:00',1,1,'2017-12-26 13:30:00',1),
  (262,88,1,35.00,1,'2017-12-26 13:30:00',1,1,'2017-12-26 13:30:00',1),
  (263,88,2,37.00,1,'2017-12-26 13:30:00',1,1,'2017-12-26 13:30:00',1),
  (264,88,3,40.00,1,'2017-12-26 13:30:00',1,1,'2017-12-26 13:30:00',1),
  (265,89,1,38.00,1,'2017-12-26 13:30:00',1,1,'2017-12-26 13:30:00',1),
  (266,89,2,40.00,1,'2017-12-26 13:30:00',1,1,'2017-12-26 13:30:00',1),
  (267,89,3,43.00,1,'2017-12-26 13:30:00',1,1,'2017-12-26 13:30:00',1),
  (268,90,1,30.00,1,'2017-12-26 13:30:00',1,1,'2017-12-26 13:30:00',1),
  (269,90,2,32.00,1,'2017-12-26 13:30:00',1,1,'2017-12-26 13:30:00',1),
  (270,90,3,35.00,1,'2017-12-26 13:30:00',1,1,'2017-12-26 13:30:00',1),
  (271,91,1,26.00,1,'2017-12-26 13:30:00',1,1,'2017-12-26 13:30:00',1),
  (272,91,2,28.00,1,'2017-12-26 13:30:00',1,1,'2017-12-26 13:30:00',1),
  (273,91,3,31.00,1,'2017-12-26 13:30:00',1,1,'2017-12-26 13:30:00',1),
  (274,92,1,95.00,1,'2017-12-26 13:30:00',1,1,'2017-12-26 13:30:00',1),
  (275,92,2,97.00,1,'2017-12-26 13:30:00',1,1,'2017-12-26 13:30:00',1),
  (276,92,3,100.00,1,'2017-12-26 13:30:00',1,1,'2017-12-26 13:30:00',1),
  (277,93,1,175.00,1,'2017-12-26 13:30:00',1,1,'2017-12-26 13:30:00',1),
  (278,93,2,177.00,1,'2017-12-26 13:30:00',1,1,'2017-12-26 13:30:00',1),
  (279,93,3,180.00,1,'2017-12-26 13:30:00',1,1,'2017-12-26 13:30:00',1),
  (280,94,1,135.00,1,'2017-12-26 13:30:00',1,1,'2017-12-26 13:30:00',1),
  (281,94,2,137.00,1,'2017-12-26 13:30:00',1,1,'2017-12-26 13:30:00',1),
  (282,94,3,140.00,1,'2017-12-26 13:30:00',1,1,'2017-12-26 13:30:00',1),
  (283,95,1,131.00,1,'2017-12-26 13:30:00',1,1,'2017-12-26 13:30:00',1),
  (284,95,2,133.00,1,'2017-12-26 13:30:00',1,1,'2017-12-26 13:30:00',1),
  (285,95,3,136.00,1,'2017-12-26 13:30:00',1,1,'2017-12-26 13:30:00',1),
  (286,96,1,35.00,1,'2017-12-26 13:30:00',1,1,'2017-12-26 13:30:00',1),
  (287,96,2,37.00,1,'2017-12-26 13:30:00',1,1,'2017-12-26 13:30:00',1),
  (288,96,3,40.00,1,'2017-12-26 13:30:00',1,1,'2017-12-26 13:30:00',1),
  (289,97,1,40.00,1,'2017-12-26 13:30:00',1,1,'2017-12-26 13:30:00',1),
  (290,97,2,42.00,1,'2017-12-26 13:30:00',1,1,'2017-12-26 13:30:00',1),
  (291,97,3,45.00,1,'2017-12-26 13:30:00',1,1,'2017-12-26 13:30:00',1),
  (292,98,1,20.00,1,'2017-12-26 13:30:00',1,1,'2017-12-26 13:30:00',1),
  (293,98,2,22.00,1,'2017-12-26 13:30:00',1,1,'2017-12-26 13:30:00',1),
  (294,98,3,25.00,1,'2017-12-26 13:30:00',1,1,'2017-12-26 13:30:00',1),
  (295,99,1,28.50,1,'2017-12-26 13:30:00',1,1,'2017-12-26 13:30:00',1),
  (296,99,2,30.50,1,'2017-12-26 13:30:00',1,1,'2017-12-26 13:30:00',1),
  (297,99,3,33.50,1,'2017-12-26 13:30:00',1,1,'2017-12-26 13:30:00',1),
  (298,100,1,31.00,1,'2017-12-26 13:30:00',1,1,'2017-12-26 13:30:00',1),
  (299,100,2,33.00,1,'2017-12-26 13:30:00',1,1,'2017-12-26 13:30:00',1),
  (300,100,3,36.00,1,'2017-12-26 13:30:00',1,1,'2017-12-26 13:30:00',1),
  (301,101,1,95.00,1,'2017-12-26 13:30:00',1,1,'2017-12-26 13:30:00',1),
  (302,101,2,97.00,1,'2017-12-26 13:30:00',1,1,'2017-12-26 13:30:00',1),
  (303,101,3,0.00,1,'2017-12-26 13:30:00',1,1,'2017-12-26 13:30:00',1),
  (304,102,1,62.00,1,'2017-12-26 13:30:00',1,1,'2017-12-26 13:30:00',1),
  (305,102,2,64.00,1,'2017-12-26 13:30:00',1,1,'2017-12-26 13:30:00',1),
  (306,102,3,67.00,1,'2017-12-26 13:30:00',1,1,'2017-12-26 13:30:00',1),
  (307,103,1,15.00,1,'2017-12-26 13:30:00',1,1,'2017-12-26 13:30:00',1),
  (308,103,2,17.00,1,'2017-12-26 13:30:00',1,1,'2017-12-26 13:30:00',1),
  (309,103,3,20.00,1,'2017-12-26 13:30:00',1,1,'2017-12-26 13:30:00',1),
  (310,104,1,18.00,1,'2017-12-26 13:30:00',1,1,'2017-12-26 13:30:00',1),
  (311,104,2,20.00,1,'2017-12-26 13:30:00',1,1,'2017-12-26 13:30:00',1),
  (312,104,3,23.00,1,'2017-12-26 13:30:00',1,1,'2017-12-26 13:30:00',1),
  (313,105,1,125.00,1,'2017-12-26 13:30:00',1,1,'2017-12-26 13:30:00',1),
  (314,105,2,127.00,1,'2017-12-26 13:30:00',1,1,'2017-12-26 13:30:00',1),
  (315,105,3,130.00,1,'2017-12-26 13:30:00',1,1,'2017-12-26 13:30:00',1),
  (316,106,1,42.00,1,'2017-12-26 13:30:00',1,1,'2017-12-26 13:30:00',1),
  (317,106,2,44.00,1,'2017-12-26 13:30:00',1,1,'2017-12-26 13:30:00',1),
  (318,106,3,47.00,1,'2017-12-26 13:30:00',1,1,'2017-12-26 13:30:00',1),
  (319,107,1,35.00,1,'2017-12-26 13:30:00',1,1,'2017-12-26 13:30:00',1),
  (320,107,2,37.00,1,'2017-12-26 13:30:00',1,1,'2017-12-26 13:30:00',1),
  (321,107,3,40.00,1,'2017-12-26 13:30:00',1,1,'2017-12-26 13:30:00',1),
  (322,108,1,38.00,1,'2017-12-26 13:30:00',1,1,'2017-12-26 13:30:00',1),
  (323,108,2,40.00,1,'2017-12-26 13:30:00',1,1,'2017-12-26 13:30:00',1),
  (324,108,3,43.00,1,'2017-12-26 13:30:00',1,1,'2017-12-26 13:30:00',1),
  (325,109,1,105.00,1,'2017-12-26 13:30:00',1,1,'2017-12-26 13:30:00',1),
  (326,109,2,107.00,1,'2017-12-26 13:30:00',1,1,'2017-12-26 13:30:00',1),
  (327,109,3,110.00,1,'2017-12-26 13:30:00',1,1,'2017-12-26 13:30:00',1),
  (328,110,1,25.00,1,'2017-12-26 13:30:00',1,1,'2017-12-26 13:30:00',1),
  (329,110,2,27.00,1,'2017-12-26 13:30:00',1,1,'2017-12-26 13:30:00',1),
  (330,110,3,30.00,1,'2017-12-26 13:30:00',1,1,'2017-12-26 13:30:00',1),
  (331,111,1,90.00,1,'2017-12-26 13:30:00',1,1,'2017-12-26 13:30:00',1),
  (332,111,2,92.00,1,'2017-12-26 13:30:00',1,1,'2017-12-26 13:30:00',1),
  (333,111,3,95.00,1,'2017-12-26 13:30:00',1,1,'2017-12-26 13:30:00',1),
  (334,112,1,48.00,1,'2017-12-26 13:30:00',1,1,'2017-12-26 13:30:00',1),
  (335,112,2,50.00,1,'2017-12-26 13:30:00',1,1,'2017-12-26 13:30:00',1),
  (336,112,3,53.00,1,'2017-12-26 13:30:00',1,1,'2017-12-26 13:30:00',1),
  (337,113,1,75.00,1,'2017-12-26 13:30:00',1,1,'2017-12-26 13:30:00',1),
  (338,113,2,77.00,1,'2017-12-26 13:30:00',1,1,'2017-12-26 13:30:00',1),
  (339,113,3,80.00,1,'2017-12-26 13:30:00',1,1,'2017-12-26 13:30:00',1),
  (340,114,1,48.00,1,'2017-12-26 13:30:00',1,1,'2017-12-26 13:30:00',1),
  (341,114,2,50.00,1,'2017-12-26 13:30:00',1,1,'2017-12-26 13:30:00',1),
  (342,114,3,53.00,1,'2017-12-26 13:30:00',1,1,'2017-12-26 13:30:00',1),
  (343,115,1,56.00,1,'2017-12-26 13:30:00',1,1,'2017-12-26 13:30:00',1),
  (344,115,2,58.00,1,'2017-12-26 13:30:00',1,1,'2017-12-26 13:30:00',1),
  (345,115,3,61.00,1,'2017-12-26 13:30:00',1,1,'2017-12-26 13:30:00',1),
  (346,116,1,140.00,1,'2017-12-26 13:30:00',1,1,'2017-12-26 13:30:00',1),
  (347,116,2,142.00,1,'2017-12-26 13:30:00',1,1,'2017-12-26 13:30:00',1),
  (348,116,3,145.00,1,'2017-12-26 13:30:00',1,1,'2017-12-26 13:30:00',1),
  (349,117,1,130.00,1,'2017-12-26 13:30:00',1,1,'2017-12-26 13:30:00',1),
  (350,117,2,132.00,1,'2017-12-26 13:30:00',1,1,'2017-12-26 13:30:00',1),
  (351,117,3,135.00,1,'2017-12-26 13:30:00',1,1,'2017-12-26 13:30:00',1),
  (352,118,1,30.00,1,'2017-12-26 13:30:00',1,1,'2017-12-26 13:30:00',1),
  (353,118,2,32.00,1,'2017-12-26 13:30:00',1,1,'2017-12-26 13:30:00',1),
  (354,118,3,35.00,1,'2017-12-26 13:30:00',1,1,'2017-12-26 13:30:00',1),
  (355,119,1,150.00,1,'2017-12-26 13:30:00',1,1,'2017-12-26 13:30:00',1),
  (356,119,2,152.00,1,'2017-12-26 13:30:00',1,1,'2017-12-26 13:30:00',1),
  (357,119,3,155.00,1,'2017-12-26 13:30:00',1,1,'2017-12-26 13:30:00',1),
  (358,120,1,240.00,1,'2017-12-26 13:30:00',1,1,'2017-12-26 13:30:00',1),
  (359,120,2,242.00,1,'2017-12-26 13:30:00',1,1,'2017-12-26 13:30:00',1),
  (360,120,3,245.00,1,'2017-12-26 13:30:00',1,1,'2017-12-26 13:30:00',1),
  (361,121,1,115.00,1,'2017-12-26 13:30:00',1,1,'2017-12-26 13:30:00',1),
  (362,121,2,117.00,1,'2017-12-26 13:30:00',1,1,'2017-12-26 13:30:00',1),
  (363,121,3,120.00,1,'2017-12-26 13:30:00',1,1,'2017-12-26 13:30:00',1),
  (364,122,1,25.00,1,'2017-12-26 13:30:00',1,1,'2017-12-26 13:30:00',1),
  (365,122,2,27.00,1,'2017-12-26 13:30:00',1,1,'2017-12-26 13:30:00',1),
  (366,122,3,30.00,1,'2017-12-26 13:30:00',1,1,'2017-12-26 13:30:00',1),
  (367,123,1,55.00,1,'2017-12-26 13:30:00',1,1,'2017-12-26 13:30:00',1),
  (368,123,2,57.00,1,'2017-12-26 13:30:00',1,1,'2017-12-26 13:30:00',1),
  (369,123,3,60.00,1,'2017-12-26 13:30:00',1,1,'2017-12-26 13:30:00',1),
  (370,124,1,58.00,1,'2017-12-26 13:30:00',1,1,'2017-12-26 13:30:00',1),
  (371,124,2,60.00,1,'2017-12-26 13:30:00',1,1,'2017-12-26 13:30:00',1),
  (372,124,3,63.00,1,'2017-12-26 13:30:00',1,1,'2017-12-26 13:30:00',1),
  (373,125,1,50.00,1,'2017-12-26 13:30:00',1,1,'2017-12-26 13:30:00',1),
  (374,125,2,52.00,1,'2017-12-26 13:30:00',1,1,'2017-12-26 13:30:00',1),
  (375,125,3,55.00,1,'2017-12-26 13:30:00',1,1,'2017-12-26 13:30:00',1),
  (376,126,1,35.00,1,'2017-12-26 13:30:00',1,1,'2017-12-26 13:30:00',1),
  (377,126,2,37.00,1,'2017-12-26 13:30:00',1,1,'2017-12-26 13:30:00',1),
  (378,126,3,40.00,1,'2017-12-26 13:30:00',1,1,'2017-12-26 13:30:00',1),
  (379,127,1,90.00,1,'2017-12-26 13:30:00',1,1,'2017-12-26 13:30:00',1),
  (380,127,2,92.00,1,'2017-12-26 13:30:00',1,1,'2017-12-26 13:30:00',1),
  (381,127,3,95.00,1,'2017-12-26 13:30:00',1,1,'2017-12-26 13:30:00',1),
  (382,128,1,65.00,1,'2017-12-26 13:30:00',1,1,'2017-12-26 13:30:00',1),
  (383,128,2,67.00,1,'2017-12-26 13:30:00',1,1,'2017-12-26 13:30:00',1),
  (384,128,3,70.00,1,'2017-12-26 13:30:00',1,1,'2017-12-26 13:30:00',1),
  (385,129,1,19.50,1,'2017-12-26 13:30:00',1,1,'2017-12-26 13:30:00',1),
  (386,129,2,21.50,1,'2017-12-26 13:30:00',1,1,'2017-12-26 13:30:00',1),
  (387,129,3,24.50,1,'2017-12-26 13:30:00',1,1,'2017-12-26 13:30:00',1),
  (388,130,1,25.00,1,'2017-12-26 13:30:00',1,1,'2017-12-26 13:30:00',1),
  (389,130,2,27.00,1,'2017-12-26 13:30:00',1,1,'2017-12-26 13:30:00',1),
  (390,130,3,30.00,1,'2017-12-26 13:30:00',1,1,'2017-12-26 13:30:00',1),
  (391,131,1,40.00,1,'2017-12-26 13:30:00',1,1,'2017-12-26 13:30:00',1),
  (392,131,2,42.00,1,'2017-12-26 13:30:00',1,1,'2017-12-26 13:30:00',1),
  (393,131,3,45.00,1,'2017-12-26 13:30:00',1,1,'2017-12-26 13:30:00',1),
  (394,132,1,36.00,1,'2017-12-26 13:30:00',1,1,'2017-12-26 13:30:00',1),
  (395,132,2,38.00,1,'2017-12-26 13:30:00',1,1,'2017-12-26 13:30:00',1),
  (396,132,3,41.00,1,'2017-12-26 13:30:00',1,1,'2017-12-26 13:30:00',1),
  (397,133,1,28.00,1,'2017-12-26 13:30:00',1,1,'2017-12-26 13:30:00',1),
  (398,133,2,30.00,1,'2017-12-26 13:30:00',1,1,'2017-12-26 13:30:00',1),
  (399,133,3,33.00,1,'2017-12-26 13:30:00',1,1,'2017-12-26 13:30:00',1),
  (400,133,1,140.00,1,'2017-12-26 13:30:00',1,1,'2017-12-26 13:30:00',1),
  (401,134,2,142.00,1,'2017-12-26 13:30:00',1,1,'2017-12-26 13:30:00',1),
  (402,134,3,145.00,1,'2017-12-26 13:30:00',1,1,'2017-12-26 13:30:00',1),
  (403,135,1,38.00,1,'2017-12-26 13:30:00',1,1,'2017-12-26 13:30:00',1),
  (404,135,2,40.00,1,'2017-12-26 13:30:00',1,1,'2017-12-26 13:30:00',1),
  (405,135,3,43.00,1,'2017-12-26 13:30:00',1,1,'2017-12-26 13:30:00',1),
  (406,136,1,60.00,1,'2017-12-26 13:30:00',1,1,'2017-12-26 13:30:00',1),
  (407,136,2,62.00,1,'2017-12-26 13:30:00',1,1,'2017-12-26 13:30:00',1),
  (408,136,3,65.00,1,'2017-12-26 13:30:00',1,1,'2017-12-26 13:30:00',1),
  (409,137,1,40.00,1,'2017-12-26 13:30:00',1,1,'2017-12-26 13:30:00',1),
  (410,137,2,42.00,1,'2017-12-26 13:30:00',1,1,'2017-12-26 13:30:00',1),
  (411,137,3,45.00,1,'2017-12-26 13:30:00',1,1,'2017-12-26 13:30:00',1),
  (412,138,1,32.00,1,'2017-12-26 13:30:00',1,1,'2017-12-26 13:30:00',1),
  (413,138,2,34.00,1,'2017-12-26 13:30:00',1,1,'2017-12-26 13:30:00',1),
  (414,138,3,37.00,1,'2017-12-26 13:30:00',1,1,'2017-12-26 13:30:00',1),
  (415,139,1,46.00,1,'2017-12-26 13:30:00',1,1,'2017-12-26 13:30:00',1),
  (416,139,2,48.00,1,'2017-12-26 13:30:00',1,1,'2017-12-26 13:30:00',1),
  (417,140,3,51.00,1,'2017-12-26 13:30:00',1,1,'2017-12-26 13:30:00',1),
  (418,140,1,25.00,1,'2017-12-26 13:30:00',1,1,'2017-12-26 13:30:00',1),
  (419,140,2,27.00,1,'2017-12-26 13:30:00',1,1,'2017-12-26 13:30:00',1),
  (420,140,3,30.00,1,'2017-12-26 13:30:00',1,1,'2017-12-26 13:30:00',1),
  (421,141,1,33.00,1,'2017-12-26 13:30:00',1,1,'2017-12-26 13:30:00',1),
  (422,141,2,35.00,1,'2017-12-26 13:30:00',1,1,'2017-12-26 13:30:00',1),
  (423,141,3,38.00,1,'2017-12-26 13:30:00',1,1,'2017-12-26 13:30:00',1),
  (424,142,1,25.00,1,'2017-12-26 13:30:00',1,1,'2017-12-26 13:30:00',1),
  (425,142,2,27.00,1,'2017-12-26 13:30:00',1,1,'2017-12-26 13:30:00',1),
  (426,142,3,30.00,1,'2017-12-26 13:30:00',1,1,'2017-12-26 13:30:00',1),
  (427,143,1,31.00,1,'2017-12-26 13:30:00',1,1,'2017-12-26 13:30:00',1),
  (428,143,2,33.00,1,'2017-12-26 13:30:00',1,1,'2017-12-26 13:30:00',1),
  (429,143,3,36.00,1,'2017-12-26 13:30:00',1,1,'2017-12-26 13:30:00',1),
  (430,144,1,15.00,1,'2017-12-26 13:30:00',1,1,'2017-12-26 13:30:00',1),
  (431,144,2,17.00,1,'2017-12-26 13:30:00',1,1,'2017-12-26 13:30:00',1),
  (432,144,3,20.00,1,'2017-12-26 13:30:00',1,1,'2017-12-26 13:30:00',1),
  (433,145,1,33.00,1,'2017-12-26 13:30:00',1,1,'2017-12-26 13:30:00',1),
  (434,145,2,35.00,1,'2017-12-26 13:30:00',1,1,'2017-12-26 13:30:00',1),
  (435,145,3,38.00,1,'2017-12-26 13:30:00',1,1,'2017-12-26 13:30:00',1),
  (436,146,1,69.00,1,'2017-12-26 13:30:00',1,1,'2017-12-26 13:30:00',1),
  (437,146,2,71.00,1,'2017-12-26 13:30:00',1,1,'2017-12-26 13:30:00',1),
  (438,146,3,74.00,1,'2017-12-26 13:30:00',1,1,'2017-12-26 13:30:00',1),
  (439,147,1,75.00,1,'2017-12-26 13:30:00',1,1,'2017-12-26 13:30:00',1),
  (440,147,2,77.00,1,'2017-12-26 13:30:00',1,1,'2017-12-26 13:30:00',1),
  (441,147,3,80.00,1,'2017-12-26 13:30:00',1,1,'2017-12-26 13:30:00',1),
  (442,148,1,20.00,1,'2017-12-26 13:30:00',1,1,'2017-12-26 13:30:00',1),
  (443,148,2,22.00,1,'2017-12-26 13:30:00',1,1,'2017-12-26 13:30:00',1),
  (444,148,3,25.00,1,'2017-12-26 13:30:00',1,1,'2017-12-26 13:30:00',1),
  (445,149,1,70.00,1,'2017-12-26 13:30:00',1,1,'2017-12-26 13:30:00',1),
  (446,149,2,72.00,1,'2017-12-26 13:30:00',1,1,'2017-12-26 13:30:00',1),
  (447,149,3,75.00,1,'2017-12-26 13:30:00',1,1,'2017-12-26 13:30:00',1),
  (448,150,1,270.00,1,'2017-12-26 13:30:00',1,1,'2017-12-26 13:30:00',1),
  (449,150,2,272.00,1,'2017-12-26 13:30:00',1,1,'2017-12-26 13:30:00',1),
  (450,150,3,275.00,1,'2017-12-26 13:30:00',1,1,'2017-12-26 13:30:00',1),
  (451,151,1,270.00,1,'2017-12-26 13:30:00',1,1,'2017-12-26 13:30:00',1),
  (452,151,2,272.00,1,'2017-12-26 13:30:00',1,1,'2017-12-26 13:30:00',1),
  (453,151,3,275.00,1,'2017-12-26 13:30:00',1,1,'2017-12-26 13:30:00',1),
  (454,152,1,16.50,1,'2017-12-26 13:30:00',1,1,'2017-12-26 13:30:00',1),
  (455,152,2,18.50,1,'2017-12-26 13:30:00',1,1,'2017-12-26 13:30:00',1),
  (456,152,3,21.50,1,'2017-12-26 13:30:00',1,1,'2017-12-26 13:30:00',1),
  (457,153,1,15.00,1,'2017-12-26 13:30:00',1,1,'2017-12-26 13:30:00',1),
  (458,153,2,17.00,1,'2017-12-26 13:30:00',1,1,'2017-12-26 13:30:00',1),
  (459,153,3,20.00,1,'2017-12-26 13:30:00',1,1,'2017-12-26 13:30:00',1),
  (460,154,1,17.50,1,'2017-12-26 13:30:00',1,1,'2017-12-26 13:30:00',1),
  (461,154,2,19.50,1,'2017-12-26 13:30:00',1,1,'2017-12-26 13:30:00',1),
  (462,154,3,22.50,1,'2017-12-26 13:30:00',1,1,'2017-12-26 13:30:00',1),
  (463,155,1,21.00,1,'2017-12-26 13:30:00',1,1,'2017-12-26 13:30:00',1),
  (464,155,2,23.00,1,'2017-12-26 13:30:00',1,1,'2017-12-26 13:30:00',1),
  (465,155,3,26.00,1,'2017-12-26 13:30:00',1,1,'2017-12-26 13:30:00',1),
  (466,156,1,8.00,1,'2017-12-26 13:30:00',1,1,'2017-12-26 13:30:00',1),
  (467,156,2,10.00,1,'2017-12-26 13:30:00',1,1,'2017-12-26 13:30:00',1),
  (468,156,3,13.00,1,'2017-12-26 13:30:00',1,1,'2017-12-26 13:30:00',1),
  (469,157,1,6.00,1,'2017-12-26 13:30:00',1,1,'2017-12-26 13:30:00',1),
  (470,157,2,8.00,1,'2017-12-26 13:30:00',1,1,'2017-12-26 13:30:00',1),
  (471,157,3,11.00,1,'2017-12-26 13:30:00',1,1,'2017-12-26 13:30:00',1),
  (472,158,1,20.00,1,'2017-12-26 13:30:00',1,1,'2017-12-26 13:30:00',1),
  (473,158,2,22.00,1,'2017-12-26 13:30:00',1,1,'2017-12-26 13:30:00',1),
  (474,158,3,25.00,1,'2017-12-26 13:30:00',1,1,'2017-12-26 13:30:00',1),
  (475,159,1,5.00,1,'2017-12-26 13:30:00',1,1,'2017-12-26 13:30:00',1),
  (476,159,2,7.00,1,'2017-12-26 13:30:00',1,1,'2017-12-26 13:30:00',1),
  (477,159,3,10.00,1,'2017-12-26 13:30:00',1,1,'2017-12-26 13:30:00',1),
  (478,160,1,38.00,1,'2017-12-26 13:30:00',1,1,'2017-12-26 13:30:00',1),
  (479,160,2,40.00,1,'2017-12-26 13:30:00',1,1,'2017-12-26 13:30:00',1),
  (480,160,3,43.00,1,'2017-12-26 13:30:00',1,1,'2017-12-26 13:30:00',1),
  (481,161,1,56.00,1,'2017-12-26 13:30:00',1,1,'2017-12-26 13:30:00',1),
  (482,161,2,58.00,1,'2017-12-26 13:30:00',1,1,'2017-12-26 13:30:00',1),
  (483,161,3,61.00,1,'2017-12-26 13:30:00',1,1,'2017-12-26 13:30:00',1),
  (484,162,1,38.00,1,'2017-12-26 13:30:00',1,1,'2017-12-26 13:30:00',1),
  (485,162,2,40.00,1,'2017-12-26 13:30:00',1,1,'2017-12-26 13:30:00',1),
  (486,162,3,43.00,1,'2017-12-26 13:30:00',1,1,'2017-12-26 13:30:00',1),
  (487,163,1,45.00,1,'2017-12-26 13:30:00',1,1,'2017-12-26 13:30:00',1),
  (488,163,2,47.00,1,'2017-12-26 13:30:00',1,1,'2017-12-26 13:30:00',1),
  (489,163,3,50.00,1,'2017-12-26 13:30:00',1,1,'2017-12-26 13:30:00',1),
  (490,164,1,35.00,1,'2017-12-26 13:30:00',1,1,'2017-12-26 13:30:00',1),
  (491,164,2,37.00,1,'2017-12-26 13:30:00',1,1,'2017-12-26 13:30:00',1),
  (492,164,3,40.00,1,'2017-12-26 13:30:00',1,1,'2017-12-26 13:30:00',1),
  (493,165,1,45.00,1,'2017-12-26 13:30:00',1,1,'2017-12-26 13:30:00',1),
  (494,165,2,47.00,1,'2017-12-26 13:30:00',1,1,'2017-12-26 13:30:00',1),
  (495,165,3,50.00,1,'2017-12-26 13:30:00',1,1,'2017-12-26 13:30:00',1),
  (496,166,1,26.00,1,'2017-12-26 13:30:00',1,1,'2017-12-26 13:30:00',1),
  (497,166,2,28.00,1,'2017-12-26 13:30:00',1,1,'2017-12-26 13:30:00',1),
  (498,166,3,31.00,1,'2017-12-26 13:30:00',1,1,'2017-12-26 13:30:00',1),
  (499,167,1,29.00,1,'2017-12-26 13:30:00',1,1,'2017-12-26 13:30:00',1),
  (500,167,2,31.00,1,'2017-12-26 13:30:00',1,1,'2017-12-26 13:30:00',1);
COMMIT;

/* Data for the `precioproducto` table  (LIMIT 49,500) */

INSERT INTO `precioproducto` (IDPrecioProducto, producto_IDProducto, tipoprecio_IDTipoPrecio, PrecioProducto, tienda_IDTienda, FechaAlta, usuario_IDUsuarioAlta, usuario_IDUsuarioModifica, FechaMod, Estatus) VALUES
  (501,167,3,34.00,1,'2017-12-26 13:30:00',1,1,'2017-12-26 13:30:00',1),
  (502,168,1,35.00,1,'2017-12-26 13:30:00',1,1,'2017-12-26 13:30:00',1),
  (503,168,2,37.00,1,'2017-12-26 13:30:00',1,1,'2017-12-26 13:30:00',1),
  (504,168,3,40.00,1,'2017-12-26 13:30:00',1,1,'2017-12-26 13:30:00',1),
  (505,169,1,26.00,1,'2017-12-26 13:30:00',1,1,'2017-12-26 13:30:00',1),
  (506,169,2,28.00,1,'2017-12-26 13:30:00',1,1,'2017-12-26 13:30:00',1),
  (507,169,3,31.00,1,'2017-12-26 13:30:00',1,1,'2017-12-26 13:30:00',1),
  (508,170,1,135.00,1,'2017-12-26 13:30:00',1,1,'2017-12-26 13:30:00',1),
  (509,170,2,137.00,1,'2017-12-26 13:30:00',1,1,'2017-12-26 13:30:00',1),
  (510,170,3,140.00,1,'2017-12-26 13:30:00',1,1,'2017-12-26 13:30:00',1),
  (511,171,1,11.50,1,'2017-12-26 13:30:00',1,1,'2017-12-26 13:30:00',1),
  (512,171,2,13.50,1,'2017-12-26 13:30:00',1,1,'2017-12-26 13:30:00',1),
  (513,171,3,16.50,1,'2017-12-26 13:30:00',1,1,'2017-12-26 13:30:00',1),
  (514,172,1,90.00,1,'2017-12-26 13:30:00',1,1,'2017-12-26 13:30:00',1),
  (515,172,2,92.00,1,'2017-12-26 13:30:00',1,1,'2017-12-26 13:30:00',1),
  (516,172,3,95.00,1,'2017-12-26 13:30:00',1,1,'2017-12-26 13:30:00',1),
  (517,173,1,90.00,1,'2017-12-26 13:30:00',1,1,'2017-12-26 13:30:00',1),
  (518,173,2,92.00,1,'2017-12-26 13:30:00',1,1,'2017-12-26 13:30:00',1),
  (519,173,3,95.00,1,'2017-12-26 13:30:00',1,1,'2017-12-26 13:30:00',1),
  (520,174,1,50.00,1,'2017-12-26 13:30:00',1,1,'2017-12-26 13:30:00',1),
  (521,174,2,52.00,1,'2017-12-26 13:30:00',1,1,'2017-12-26 13:30:00',1),
  (522,174,3,55.00,1,'2017-12-26 13:30:00',1,1,'2017-12-26 13:30:00',1),
  (523,175,1,45.00,1,'2017-12-26 13:30:00',1,1,'2017-12-26 13:30:00',1),
  (524,175,2,47.00,1,'2017-12-26 13:30:00',1,1,'2017-12-26 13:30:00',1),
  (525,175,3,50.00,1,'2017-12-26 13:30:00',1,1,'2017-12-26 13:30:00',1),
  (526,176,1,120.00,1,'2017-12-26 13:30:00',1,1,'2017-12-26 13:30:00',1),
  (527,176,2,122.00,1,'2017-12-26 13:30:00',1,1,'2017-12-26 13:30:00',1),
  (528,176,3,125.00,1,'2017-12-26 13:30:00',1,1,'2017-12-26 13:30:00',1),
  (529,177,1,0.00,1,'2017-12-26 13:30:00',1,1,'2017-12-26 13:30:00',1),
  (530,177,2,122.00,1,'2017-12-26 13:30:00',1,1,'2017-12-26 13:30:00',1),
  (531,177,3,125.00,1,'2017-12-26 13:30:00',1,1,'2017-12-26 13:30:00',1),
  (532,178,1,110.00,1,'2017-12-26 13:30:00',1,1,'2017-12-26 13:30:00',1),
  (533,178,2,112.00,1,'2017-12-26 13:30:00',1,1,'2017-12-26 13:30:00',1),
  (534,178,3,115.00,1,'2017-12-26 13:30:00',1,1,'2017-12-26 13:30:00',1),
  (535,179,1,102.00,1,'2017-12-26 13:30:00',1,1,'2017-12-26 13:30:00',1),
  (536,179,2,104.00,1,'2017-12-26 13:30:00',1,1,'2017-12-26 13:30:00',1),
  (537,179,3,107.00,1,'2017-12-26 13:30:00',1,1,'2017-12-26 13:30:00',1),
  (538,180,1,120.00,1,'2017-12-26 13:30:00',1,1,'2017-12-26 13:30:00',1),
  (539,180,2,122.00,1,'2017-12-26 13:30:00',1,1,'2017-12-26 13:30:00',1),
  (540,180,3,125.00,1,'2017-12-26 13:30:00',1,1,'2017-12-26 13:30:00',1),
  (541,181,1,120.00,1,'2017-12-26 13:30:00',1,1,'2017-12-26 13:30:00',1),
  (542,181,2,122.00,1,'2017-12-26 13:30:00',1,1,'2017-12-26 13:30:00',1),
  (543,181,3,125.00,1,'2017-12-26 13:30:00',1,1,'2017-12-26 13:30:00',1),
  (544,182,1,60.00,1,'2017-12-26 13:30:00',1,1,'2017-12-26 13:30:00',1),
  (545,182,2,62.00,1,'2017-12-26 13:30:00',1,1,'2017-12-26 13:30:00',1),
  (546,182,3,65.00,1,'2017-12-26 13:30:00',1,1,'2017-12-26 13:30:00',1),
  (547,183,1,10.00,1,'2017-12-26 13:30:00',1,1,'2017-12-26 13:30:00',1),
  (548,183,2,12.00,1,'2017-12-26 13:30:00',1,1,'2017-12-26 13:30:00',1),
  (549,183,3,15.00,1,'2017-12-26 13:30:00',1,1,'2017-12-26 13:30:00',1);
COMMIT;

/*!40101 SET CHARACTER_SET_CLIENT=@OLD_CHARACTER_SET_CLIENT */;
/*!40101 SET CHARACTER_SET_RESULTS=@OLD_CHARACTER_SET_RESULTS */;
/*!40101 SET COLLATION_CONNECTION=@OLD_COLLATION_CONNECTION */;